<?xml version="1.0" encoding="utf-8"?>
<install version="1.5" type="template">
	<name>J51_CityScape</name>
	<version>1.0.0</version>
	<creationDate>Feb 2009</creationDate>
	<author>Joomla 51</author>
	<authorEmail>info@joomla51.com</authorEmail>
	<authorUrl>http://www.joomla51.com</authorUrl>
	<copyright>Joomla 51</copyright>
	<description>CityScape - A Joomla51 Template</description>
	<files>
		<filename>index.php</filename>
		<filename>templateDetails.xml</filename>
		<filename>template_thumbnail.png</filename>
		<filename>css/template.css</filename>
		<filename>css/ie6.css</filename>
		<filename>css/ie7.css</filename>
		<filename>js/moomenu.js</filename>
		<filename>images/arrow-1.png</filename>
		<filename>images/arrow.png</filename>
		<filename>images/base_bg.jpg</filename>
		<filename>images/blank.png</filename>
		<filename>images/body_bg.jpg</filename>
		<filename>images/box_bl.png</filename>
		<filename>images/box_br.png</filename>
		<filename>images/box_tl.png</filename>
		<filename>images/box_tr.png</filename>
		<filename>images/button_bg.png</filename>
		<filename>images/button_bg_over.png</filename>
		<filename>images/drop_bg.png</filename>
		<filename>images/header.jpg</filename>
		<filename>images/header_bg.png</filename>
		<filename>images/menu_base.png</filename>
		<filename>images/menu_h.png</filename>
		<filename>images/menutop.png</filename>
		<filename>images/sidebutton.png</filename>
		<filename>images/sidebutton_over.png</filename>
		<filename>images/side_bg.jpg</filename>
		<filename>images/read.png</filename>
		<filename>images/topnav_r.png</filename>
		<filename>images/top_bg.png</filename>

	</files>

	<positions>
		<position>breadcrumb</position>
		<position>left</position>
		<position>right</position>
		<position>hornav</position>
		<position>user1</position>
		<position>user2</position>
		<position>user3</position>
		<position>user4</position>
		<position>user5</position>
		<position>banner</position>
		<position>footer</position>
	</positions>
</install>
